fold,acc,sen,spec,f1
42,                     64.2,                     56.49999999999999,                     70.0,                     57.8
56,                     52.800000000000004,                     40.0,                     64.3,                     44.4
96,                     54.7,                     63.6,                     48.4,                     53.800000000000004
100,                     60.4,                     66.7,                     56.2,                     57.099999999999994
777,                     66.0,                     61.9,                     68.8,                     59.099999999999994
avg,                 59.62,                 57.74,                 61.54,                 54.44
std,                 5.77,                 10.59,                 9.13,                 5.94