fold,acc,sen,spec,f1
42,                     58.5,                     47.8,                     66.7,                     50.0
56,                     54.7,                     60.0,                     50.0,                     55.60000000000001
96,                     58.5,                     63.6,                     54.800000000000004,                     56.00000000000001
100,                     56.599999999999994,                     57.099999999999994,                     56.2,                     51.1
777,                     62.3,                     52.400000000000006,                     68.8,                     52.400000000000006
avg,                 58.12,                 56.18,                 59.30,                 53.02
std,                 2.82,                 6.23,                 8.08,                 2.68