epoch, loss, acc, sen, spec, F1
1,0.7773274865415362,0.4986111111111111,0.4426450742240216,0.5579399141630901,0.4760522496371553
2,0.7132833321889241,0.5708333333333333,0.5161290322580645,0.6293103448275862,0.5541125541125541
3,0.7017321076658037,0.5888888888888889,0.5464333781965006,0.6341463414634146,0.5783475783475783
4,0.6962406943241756,0.5986111111111111,0.5465587044534413,0.65379113018598,0.5835734870317003
5,0.6917624708678988,0.6118055555555556,0.5639300134589502,0.6628407460545194,0.5998568360773086
