epoch, loss, acc, sen, spec, F1
1,0.7378421425819397,0.5849056603773585,0.21739130434782608,0.8666666666666667,0.3125
2,0.7663441300392151,0.5471698113207547,0.8260869565217391,0.3333333333333333,0.6129032258064516
3,0.7017586827278137,0.6226415094339622,0.7391304347826086,0.5333333333333333,0.6296296296296297
4,0.66279536485672,0.5094339622641509,0.34782608695652173,0.6333333333333333,0.38095238095238093
5,0.619509220123291,0.7547169811320755,0.5652173913043478,0.9,0.6666666666666666
